Ano,Data,Quantidade
2004,2004-12-26,52
2005,2005-01-02,72
2005,2005-01-09,46
2005,2005-01-16,58
2005,2005-01-23,53
2005,2005-01-30,44
2005,2005-02-06,48
2005,2005-02-13,32
2005,2005-02-20,44
2005,2005-02-27,43
2005,2005-03-06,41
2005,2005-03-13,41
2005,2005-03-20,49
2005,2005-03-27,48
2005,2005-04-03,38
2005,2005-04-10,47
2005,2005-04-17,46
2005,2005-04-24,59
2005,2005-05-01,56
2005,2005-05-08,41
2005,2005-05-15,45
2005,2005-05-22,47
2005,2005-05-29,46
2005,2005-06-05,60
2005,2005-06-12,45
2005,2005-06-19,51
2005,2005-06-26,54
2005,2005-07-03,54
2005,2005-07-10,47
2005,2005-07-17,57
2005,2005-07-24,54
2005,2005-07-31,60
2005,2005-08-07,63
2005,2005-08-14,49
2005,2005-08-21,52
2005,2005-08-28,57
2005,2005-09-04,60
2005,2005-09-11,56
2005,2005-09-18,59
2005,2005-09-25,58
2005,2005-10-02,65
2005,2005-10-09,60
2005,2005-10-16,60
2005,2005-10-23,59
2005,2005-10-30,56
2005,2005-11-06,62
2005,2005-11-13,74
2005,2005-11-20,75
2005,2005-11-27,70
2005,2005-12-04,82
2005,2005-12-11,84
2005,2005-12-18,100
2005,2005-12-25,93
