Ano,Região,Quantidade
2021,Acre,16
2021,Alagoas,100
2021,Amapá,15
2021,Amazonas,10
2021,Bahia,80
2021,Ceará,70
2021,Distrito Federal,39
2021,Espírito Santo,33
2021,Goiás,57
2021,Maranhão,80
2021,Mato Grosso,57
2021,Mato Grosso do Sul,61
2021,Minas Gerais,81
2021,Paraná,71
2021,Paraíba,96
2021,Pará,55
2021,Pernambuco,80
2021,Piauí,77
2021,Rio Grande do Norte,98
2021,Rio Grande do Sul,95
2021,Rio de Janeiro,43
2021,Rondônia,17
2021,Roraima,15
2021,Santa Catarina,75
2021,Sergipe,81
2021,São Paulo,68
2021,Tocantins,30
2022,Acre,16
2022,Alagoas,100
2022,Amapá,14
2022,Amazonas,9
2022,Bahia,71
2022,Ceará,62
2022,Distrito Federal,37
2022,Espírito Santo,35
2022,Goiás,60
2022,Maranhão,69
2022,Mato Grosso,52
2022,Mato Grosso do Sul,60
2022,Minas Gerais,81
2022,Paraná,63
2022,Paraíba,84
2022,Pará,52
2022,Pernambuco,75
2022,Piauí,74
2022,Rio Grande do Norte,83
2022,Rio Grande do Sul,88
2022,Rio de Janeiro,44
2022,Rondônia,17
2022,Roraima,13
2022,Santa Catarina,69
2022,Sergipe,74
2022,São Paulo,64
2022,Tocantins,28
2023,Acre,17
2023,Alagoas,100
2023,Amapá,16
2023,Amazonas,10
2023,Bahia,74
2023,Ceará,66
2023,Distrito Federal,42
2023,Espírito Santo,36
2023,Goiás,61
2023,Maranhão,72
2023,Mato Grosso,58
2023,Mato Grosso do Sul,64
2023,Minas Gerais,92
2023,Paraná,67
2023,Paraíba,83
2023,Pará,63
2023,Pernambuco,82
2023,Piauí,80
2023,Rio Grande do Norte,85
2023,Rio Grande do Sul,92
2023,Rio de Janeiro,52
2023,Rondônia,18
2023,Roraima,14
2023,Santa Catarina,75
2023,Sergipe,73
2023,São Paulo,71
2023,Tocantins,35
2024,Acre,14
2024,Alagoas,98
2024,Amapá,13
2024,Amazonas,7
2024,Bahia,74
2024,Ceará,72
2024,Distrito Federal,37
2024,Espírito Santo,28
2024,Goiás,57
2024,Maranhão,68
2024,Mato Grosso,52
2024,Mato Grosso do Sul,64
2024,Minas Gerais,78
2024,Paraná,63
2024,Paraíba,100
2024,Pará,62
2024,Pernambuco,96
2024,Piauí,74
2024,Rio Grande do Norte,97
2024,Rio Grande do Sul,89
2024,Rio de Janeiro,47
2024,Rondônia,13
2024,Roraima,12
2024,Santa Catarina,65
2024,Sergipe,77
2024,São Paulo,65
2024,Tocantins,25
2025,Acre,17
2025,Alagoas,100
2025,Amapá,18
2025,Amazonas,9
2025,Bahia,74
2025,Ceará,76
2025,Distrito Federal,41
2025,Espírito Santo,25
2025,Goiás,61
2025,Maranhão,70
2025,Mato Grosso,60
2025,Mato Grosso do Sul,73
2025,Minas Gerais,81
2025,Paraná,64
2025,Paraíba,92
2025,Pará,59
2025,Pernambuco,89
2025,Piauí,70
2025,Rio Grande do Norte,91
2025,Rio Grande do Sul,86
2025,Rio de Janeiro,45
2025,Rondônia,16
2025,Roraima,16
2025,Santa Catarina,70
2025,Sergipe,77
2025,São Paulo,67
2025,Tocantins,25
2026,Acre,30
2026,Alagoas,100
2026,Amapá,34
2026,Amazonas,13
2026,Bahia,71
2026,Ceará,73
2026,Distrito Federal,40
2026,Espírito Santo,23
2026,Goiás,62
2026,Maranhão,67
2026,Mato Grosso,55
2026,Mato Grosso do Sul,68
2026,Minas Gerais,81
2026,Paraná,62
2026,Paraíba,89
2026,Pará,56
2026,Pernambuco,84
2026,Piauí,76
2026,Rio Grande do Norte,82
2026,Rio Grande do Sul,82
2026,Rio de Janeiro,41
2026,Rondônia,19
2026,Roraima,30
2026,Santa Catarina,71
2026,Sergipe,72
2026,São Paulo,69
2026,Tocantins,31
