empresa;categoria;item;periodo;fonte
consorcio;categorias;Consórcios;(sem período — lista simples);Reclame Aqui
consorcio;categorias;Não encontrei meu problema;(sem período — lista simples);Reclame Aqui
consorcio;categorias;Não Categorizado;(sem período — lista simples);Reclame Aqui
consorcio;categorias;Problema com o Atendimento;(sem período — lista simples);Reclame Aqui
consorcio;categorias;Financeiras;(sem período — lista simples);Reclame Aqui
consorcio;categorias;Problemas na loja;(sem período — lista simples);Reclame Aqui
consorcio;categorias;Eletrodomésticos;(sem período — lista simples);Reclame Aqui
consorcio;categorias;Celulares e Smartphones;(sem período — lista simples);Reclame Aqui
consorcio;categorias;Móveis em Geral;(sem período — lista simples);Reclame Aqui
consorcio;categorias;Eletroeletrônicos;(sem período — lista simples);Reclame Aqui
consorcio;desempenho;Reputação;2024;Reclame Aqui
consorcio;desempenho;Nota Média;2024;Reclame Aqui
consorcio;desempenho;Reclamações Recebidas;2024;Reclame Aqui
consorcio;desempenho;Reclamações Respondidas;2024;Reclame Aqui
consorcio;desempenho;Aguardando Resposta;2024;Reclame Aqui
consorcio;desempenho;Reclamações Resolvidas;2024;Reclame Aqui
consorcio;desempenho;Voltariam a fazer negócio;2024;Reclame Aqui
consorcio;desempenho;Reclamações Avaliadas;2024;Reclame Aqui
consorcio;desempenho;Nota média do consumidor;2024;Reclame Aqui
consorcio;desempenho;Tempo médio de Resposta;2024;Reclame Aqui
consorcio;desempenho;Período  considerado;2024;Reclame Aqui
consorcio;desempenho;Reputação;2025;Reclame Aqui
consorcio;desempenho;Nota Média;2025;Reclame Aqui
consorcio;desempenho;Reclamações Recebidas;2025;Reclame Aqui
consorcio;desempenho;Reclamações Respondidas;2025;Reclame Aqui
consorcio;desempenho;Aguardando Resposta;2025;Reclame Aqui
consorcio;desempenho;Reclamações Resolvidas;2025;Reclame Aqui
consorcio;desempenho;Voltariam a fazer negócio;2025;Reclame Aqui
consorcio;desempenho;Reclamações Avaliadas;2025;Reclame Aqui
consorcio;desempenho;Nota média do consumidor;2025;Reclame Aqui
consorcio;desempenho;Tempo médio de Resposta;2025;Reclame Aqui
consorcio;desempenho;Período  considerado;2025;Reclame Aqui
consorcio;desempenho;Reputação;2026;Reclame Aqui
consorcio;desempenho;Nota Média;2026;Reclame Aqui
consorcio;desempenho;Reclamações Recebidas;2026;Reclame Aqui
consorcio;desempenho;Reclamações Respondidas;2026;Reclame Aqui
consorcio;desempenho;Aguardando Resposta;2026;Reclame Aqui
consorcio;desempenho;Reclamações Resolvidas;2026;Reclame Aqui
consorcio;desempenho;Voltariam a fazer negócio;2026;Reclame Aqui
consorcio;desempenho;Reclamações Avaliadas;2026;Reclame Aqui
consorcio;desempenho;Nota média do consumidor;2026;Reclame Aqui
consorcio;desempenho;Tempo médio de Resposta;2026;Reclame Aqui
consorcio;desempenho;Período  considerado;2026;Reclame Aqui
consorcio;desempenho;Reputação;Geral;Reclame Aqui
consorcio;desempenho;Nota Média;Geral;Reclame Aqui
consorcio;desempenho;Reclamações Recebidas;Geral;Reclame Aqui
consorcio;desempenho;Reclamações Respondidas;Geral;Reclame Aqui
consorcio;desempenho;Aguardando Resposta;Geral;Reclame Aqui
consorcio;desempenho;Reclamações Resolvidas;Geral;Reclame Aqui
consorcio;desempenho;Voltariam a fazer negócio;Geral;Reclame Aqui
consorcio;desempenho;Reclamações Avaliadas;Geral;Reclame Aqui
consorcio;desempenho;Nota média do consumidor;Geral;Reclame Aqui
consorcio;desempenho;Tempo médio de Resposta;Geral;Reclame Aqui
consorcio;desempenho;Período  considerado;Geral;Reclame Aqui
consorcio;problemas;Reembolso de valor pago;(sem período — lista simples);Reclame Aqui
consorcio;problemas;Cancelamento;(sem período — lista simples);Reclame Aqui
consorcio;problemas;Propaganda enganosa;(sem período — lista simples);Reclame Aqui
consorcio;problemas;Demora na execução;(sem período — lista simples);Reclame Aqui
consorcio;problemas;Carta de Crédito;(sem período — lista simples);Reclame Aqui
consorcio;problemas;Estorno de valor pago;(sem período — lista simples);Reclame Aqui
consorcio;problemas;Mau atendimento;(sem período — lista simples);Reclame Aqui
consorcio;problemas;Não consigo utilizar meus créditos;(sem período — lista simples);Reclame Aqui
consorcio;problemas;Qualidade do serviço prestado;(sem período — lista simples);Reclame Aqui
consorcio;problemas;Descumprimento de contrato;(sem período — lista simples);Reclame Aqui
consorcio;produtos;Consórcio;(sem período — lista simples);Reclame Aqui
consorcio;produtos;Canais de Atendimento;(sem período — lista simples);Reclame Aqui
consorcio;produtos;Outro Tipo de Produto/Serviço;(sem período — lista simples);Reclame Aqui
consorcio;produtos;Financeiras;(sem período — lista simples);Reclame Aqui
consorcio;produtos;Equipe de Atendimento;(sem período — lista simples);Reclame Aqui
consorcio;produtos;Cadastro e Assinatura;(sem período — lista simples);Reclame Aqui
consorcio;produtos;Móveis;(sem período — lista simples);Reclame Aqui
consorcio;produtos;Motos;(sem período — lista simples);Reclame Aqui
consorcio;produtos;Propaganda Enganosa;(sem período — lista simples);Reclame Aqui
consorcio;produtos;Celular;(sem período — lista simples);Reclame Aqui
fisica;categorias;Eletrodomésticos;(sem período — lista simples);Reclame Aqui
fisica;categorias;Móveis em Geral;(sem período — lista simples);Reclame Aqui
fisica;categorias;Não Encontrei meu Problema;(sem período — lista simples);Reclame Aqui
fisica;categorias;Celulares e Smartphones;(sem período — lista simples);Reclame Aqui
fisica;categorias;Eletroeletrônicos;(sem período — lista simples);Reclame Aqui
fisica;categorias;Não Categorizado;(sem período — lista simples);Reclame Aqui
fisica;categorias;Problemas com o Atendimento;(sem período — lista simples);Reclame Aqui
fisica;categorias;Informática;(sem período — lista simples);Reclame Aqui
fisica;categorias;Cartões de Crédito;(sem período — lista simples);Reclame Aqui
fisica;categorias;Colchões;(sem período — lista simples);Reclame Aqui
fisica;desempenho;Reputação;2024;Reclame Aqui
fisica;desempenho;Nota Média;2024;Reclame Aqui
fisica;desempenho;Reclamações Recebidas;2024;Reclame Aqui
fisica;desempenho;Reclamações Respondidas;2024;Reclame Aqui
fisica;desempenho;Aguardando Resposta;2024;Reclame Aqui
fisica;desempenho;Reclamações Resolvidas;2024;Reclame Aqui
fisica;desempenho;Voltariam a fazer negócio;2024;Reclame Aqui
fisica;desempenho;Reclamações Avaliadas;2024;Reclame Aqui
fisica;desempenho;Nota média do consumidor;2024;Reclame Aqui
fisica;desempenho;Tempo médio de Resposta;2024;Reclame Aqui
fisica;desempenho;Período  considerado;2024;Reclame Aqui
fisica;desempenho;Reputação;2025;Reclame Aqui
fisica;desempenho;Nota Média;2025;Reclame Aqui
fisica;desempenho;Reclamações Recebidas;2025;Reclame Aqui
fisica;desempenho;Reclamações Respondidas;2025;Reclame Aqui
fisica;desempenho;Aguardando Resposta;2025;Reclame Aqui
fisica;desempenho;Reclamações Resolvidas;2025;Reclame Aqui
fisica;desempenho;Voltariam a fazer negócio;2025;Reclame Aqui
fisica;desempenho;Reclamações Avaliadas;2025;Reclame Aqui
fisica;desempenho;Nota média do consumidor;2025;Reclame Aqui
fisica;desempenho;Tempo médio de Resposta;2025;Reclame Aqui
fisica;desempenho;Período  considerado;2025;Reclame Aqui
fisica;desempenho;Reputação;2026;Reclame Aqui
fisica;desempenho;Nota Média;2026;Reclame Aqui
fisica;desempenho;Reclamações Recebidas;2026;Reclame Aqui
fisica;desempenho;Reclamações Respondidas;2026;Reclame Aqui
fisica;desempenho;Aguardando Resposta;2026;Reclame Aqui
fisica;desempenho;Reclamações Resolvidas;2026;Reclame Aqui
fisica;desempenho;Voltariam a fazer negócio;2026;Reclame Aqui
fisica;desempenho;Reclamações Avaliadas;2026;Reclame Aqui
fisica;desempenho;Nota média do consumidor;2026;Reclame Aqui
fisica;desempenho;Tempo médio de Resposta;2026;Reclame Aqui
fisica;desempenho;Período  considerado;2026;Reclame Aqui
fisica;desempenho;Reputação;Geral;Reclame Aqui
fisica;desempenho;Nota Média;Geral;Reclame Aqui
fisica;desempenho;Reclamações Recebidas;Geral;Reclame Aqui
fisica;desempenho;Reclamações Respondidas;Geral;Reclame Aqui
fisica;desempenho;Aguardando Resposta;Geral;Reclame Aqui
fisica;desempenho;Reclamações Resolvidas;Geral;Reclame Aqui
fisica;desempenho;Voltariam a fazer negócio;Geral;Reclame Aqui
fisica;desempenho;Reclamações Avaliadas;Geral;Reclame Aqui
fisica;desempenho;Nota média do consumidor;Geral;Reclame Aqui
fisica;desempenho;Tempo médio de Resposta;Geral;Reclame Aqui
fisica;desempenho;Período  considerado;Geral;Reclame Aqui
fisica;problemas;Atraso na entrega;(sem período — lista simples);Reclame Aqui
fisica;problemas;Produto com defeito;(sem período — lista simples);Reclame Aqui
fisica;problemas;Mau atendimento;(sem período — lista simples);Reclame Aqui
fisica;problemas;Estorno do valor pago;(sem período — lista simples);Reclame Aqui
fisica;problemas;Cobrança indevida;(sem período — lista simples);Reclame Aqui
fisica;problemas;Outro problema;(sem período — lista simples);Reclame Aqui
fisica;problemas;Propaganda enganosa;(sem período — lista simples);Reclame Aqui
fisica;problemas;Divergência de valores;(sem período — lista simples);Reclame Aqui
fisica;problemas;Produto errado;(sem período — lista simples);Reclame Aqui
fisica;problemas;Problema com garantia estendida;(sem período — lista simples);Reclame Aqui
fisica;produtos;Móveis;(sem período — lista simples);Reclame Aqui
fisica;produtos;Geladeira-Refrigerador;(sem período — lista simples);Reclame Aqui
fisica;produtos;Outro Tipo de Produto/Serviço;(sem período — lista simples);Reclame Aqui
fisica;produtos;Celular;(sem período — lista simples);Reclame Aqui
fisica;produtos;TV;(sem período — lista simples);Reclame Aqui
fisica;produtos;Lavadora de Roupas e Tanquinho;(sem período — lista simples);Reclame Aqui
fisica;produtos;Smartphone;(sem período — lista simples);Reclame Aqui
fisica;produtos;Cartões de Crédito;(sem período — lista simples);Reclame Aqui
fisica;produtos;Fogão-Forno;(sem período — lista simples);Reclame Aqui
fisica;produtos;Sofás e Estofados;(sem período — lista simples);Reclame Aqui
luizacred;categorias;Cartões de Crédito;(sem período — lista simples);Reclame Aqui
luizacred;categorias;Não Encontrei meu Problema;(sem período — lista simples);Reclame Aqui
luizacred;categorias;Não Categorizado;(sem período — lista simples);Reclame Aqui
luizacred;categorias;Financeiras;(sem período — lista simples);Reclame Aqui
luizacred;categorias;Bancos;(sem período — lista simples);Reclame Aqui
luizacred;categorias;Problema com o Atendimento;(sem período — lista simples);Reclame Aqui
luizacred;categorias;Internet Banking;(sem período — lista simples);Reclame Aqui
luizacred;categorias;Celulares e Smartphones;(sem período — lista simples);Reclame Aqui
luizacred;categorias;Meios de pagamento eletrônicos;(sem período — lista simples);Reclame Aqui
luizacred;categorias;Recuperadora de crédito e cobrança;(sem período — lista simples);Reclame Aqui
luizacred;desempenho;Reputação;2024;Reclame Aqui
luizacred;desempenho;Nota Média;2024;Reclame Aqui
luizacred;desempenho;Reclamações Recebidas;2024;Reclame Aqui
luizacred;desempenho;Reclamações Respondidas;2024;Reclame Aqui
luizacred;desempenho;Aguardando Resposta;2024;Reclame Aqui
luizacred;desempenho;Reclamações Resolvidas;2024;Reclame Aqui
luizacred;desempenho;Voltariam a fazer negócio;2024;Reclame Aqui
luizacred;desempenho;Reclamações Avaliadas;2024;Reclame Aqui
luizacred;desempenho;Nota média do consumidor;2024;Reclame Aqui
luizacred;desempenho;Tempo médio de Resposta;2024;Reclame Aqui
luizacred;desempenho;Período  considerado;2024;Reclame Aqui
luizacred;desempenho;Reputação;2025;Reclame Aqui
luizacred;desempenho;Nota Média;2025;Reclame Aqui
luizacred;desempenho;Reclamações Recebidas;2025;Reclame Aqui
luizacred;desempenho;Reclamações Respondidas;2025;Reclame Aqui
luizacred;desempenho;Aguardando Resposta;2025;Reclame Aqui
luizacred;desempenho;Reclamações Resolvidas;2025;Reclame Aqui
luizacred;desempenho;Voltariam a fazer negócio;2025;Reclame Aqui
luizacred;desempenho;Reclamações Avaliadas;2025;Reclame Aqui
luizacred;desempenho;Nota média do consumidor;2025;Reclame Aqui
luizacred;desempenho;Tempo médio de Resposta;2025;Reclame Aqui
luizacred;desempenho;Período  considerado;2025;Reclame Aqui
luizacred;desempenho;Reputação;2026;Reclame Aqui
luizacred;desempenho;Nota Média;2026;Reclame Aqui
luizacred;desempenho;Reclamações Recebidas;2026;Reclame Aqui
luizacred;desempenho;Reclamações Respondidas;2026;Reclame Aqui
luizacred;desempenho;Aguardando Resposta;2026;Reclame Aqui
luizacred;desempenho;Reclamações Resolvidas;2026;Reclame Aqui
luizacred;desempenho;Voltariam a fazer negócio;2026;Reclame Aqui
luizacred;desempenho;Reclamações Avaliadas;2026;Reclame Aqui
luizacred;desempenho;Nota média do consumidor;2026;Reclame Aqui
luizacred;desempenho;Tempo médio de Resposta;2026;Reclame Aqui
luizacred;desempenho;Período  considerado;2026;Reclame Aqui
luizacred;desempenho;Reputação;Geral;Reclame Aqui
luizacred;desempenho;Nota Média;Geral;Reclame Aqui
luizacred;desempenho;Reclamações Recebidas;Geral;Reclame Aqui
luizacred;desempenho;Reclamações Respondidas;Geral;Reclame Aqui
luizacred;desempenho;Aguardando Resposta;Geral;Reclame Aqui
luizacred;desempenho;Reclamações Resolvidas;Geral;Reclame Aqui
luizacred;desempenho;Voltariam a fazer negócio;Geral;Reclame Aqui
luizacred;desempenho;Reclamações Avaliadas;Geral;Reclame Aqui
luizacred;desempenho;Nota média do consumidor;Geral;Reclame Aqui
luizacred;desempenho;Tempo médio de Resposta;Geral;Reclame Aqui
luizacred;desempenho;Período  considerado;Geral;Reclame Aqui
luizacred;problemas;Cobrança indevida;(sem período — lista simples);Reclame Aqui
luizacred;problemas;Problema com o cartão;(sem período — lista simples);Reclame Aqui
luizacred;problemas;Limite;(sem período — lista simples);Reclame Aqui
luizacred;problemas;Cancelamento;(sem período — lista simples);Reclame Aqui
luizacred;problemas;Demora na entrega do cartão;(sem período — lista simples);Reclame Aqui
luizacred;problemas;Valor abusivo;(sem período — lista simples);Reclame Aqui
luizacred;problemas;Bloqueio-desbloqueio de cartão;(sem período — lista simples);Reclame Aqui
luizacred;problemas;Anuidade;(sem período — lista simples);Reclame Aqui
luizacred;problemas;Estono do valor pago;(sem período — lista simples);Reclame Aqui
luizacred;problemas;Problemas com a senha;(sem período — lista simples);Reclame Aqui
luizacred;produtos;Cartão de Crédito;(sem período — lista simples);Reclame Aqui
luizacred;produtos;Financeiras;(sem período — lista simples);Reclame Aqui
luizacred;produtos;Outro tipo de produto/serviço;(sem período — lista simples);Reclame Aqui
luizacred;produtos;Problemas Gerais;(sem período — lista simples);Reclame Aqui
luizacred;produtos;Conta;(sem período — lista simples);Reclame Aqui
luizacred;produtos;Múltiplo (Débito e crédito);(sem período — lista simples);Reclame Aqui
luizacred;produtos;Canais de Atendimento;(sem período — lista simples);Reclame Aqui
luizacred;produtos;Recuperadora de créditos-cobranças;(sem período — lista simples);Reclame Aqui
luizacred;produtos;Celular;(sem período — lista simples);Reclame Aqui
online;categorias;Eletrodomésticos;(sem período — lista simples);Reclame Aqui
online;categorias;Não Encontrei meu Problema;(sem período — lista simples);Reclame Aqui
online;categorias;Celulares e Smartphones;(sem período — lista simples);Reclame Aqui
online;categorias;Móveis em Geral;(sem período — lista simples);Reclame Aqui
online;categorias;Eletroeletrônicos;(sem período — lista simples);Reclame Aqui
online;categorias;Informática;(sem período — lista simples);Reclame Aqui
online;categorias;Eletroportáteis;(sem período — lista simples);Reclame Aqui
online;categorias;Não Categorizado;(sem período — lista simples);Reclame Aqui
online;categorias;Utilidades Domésticas;(sem período — lista simples);Reclame Aqui
online;categorias;Brinquedos e Jogos;(sem período — lista simples);Reclame Aqui
online;desempenho;Reputação;2024;Reclame Aqui
online;desempenho;Nota Média;2024;Reclame Aqui
online;desempenho;Reclamações Recebidas;2024;Reclame Aqui
online;desempenho;Reclamações Respondidas;2024;Reclame Aqui
online;desempenho;Aguardando Resposta;2024;Reclame Aqui
online;desempenho;Reclamações Resolvidas;2024;Reclame Aqui
online;desempenho;Voltariam a fazer negócio;2024;Reclame Aqui
online;desempenho;Reclamações Avaliadas;2024;Reclame Aqui
online;desempenho;Nota média do consumidor;2024;Reclame Aqui
online;desempenho;Tempo médio de Resposta;2024;Reclame Aqui
online;desempenho;Período  considerado;2024;Reclame Aqui
online;desempenho;Reputação;2025;Reclame Aqui
online;desempenho;Nota Média;2025;Reclame Aqui
online;desempenho;Reclamações Recebidas;2025;Reclame Aqui
online;desempenho;Reclamações Respondidas;2025;Reclame Aqui
online;desempenho;Aguardando Resposta;2025;Reclame Aqui
online;desempenho;Reclamações Resolvidas;2025;Reclame Aqui
online;desempenho;Voltariam a fazer negócio;2025;Reclame Aqui
online;desempenho;Reclamações Avaliadas;2025;Reclame Aqui
online;desempenho;Nota média do consumidor;2025;Reclame Aqui
online;desempenho;Tempo médio de Resposta;2025;Reclame Aqui
online;desempenho;Período  considerado;2025;Reclame Aqui
online;desempenho;Reputação;2026;Reclame Aqui
online;desempenho;Nota Média;2026;Reclame Aqui
online;desempenho;Reclamações Recebidas;2026;Reclame Aqui
online;desempenho;Reclamações Respondidas;2026;Reclame Aqui
online;desempenho;Aguardando Resposta;2026;Reclame Aqui
online;desempenho;Reclamações Resolvidas;2026;Reclame Aqui
online;desempenho;Voltariam a fazer negócio;2026;Reclame Aqui
online;desempenho;Reclamações Avaliadas;2026;Reclame Aqui
online;desempenho;Nota média do consumidor;2026;Reclame Aqui
online;desempenho;Tempo médio de Resposta;2026;Reclame Aqui
online;desempenho;Período  considerado;2026;Reclame Aqui
online;desempenho;Reputação;Geral;Reclame Aqui
online;desempenho;Nota Média;Geral;Reclame Aqui
online;desempenho;Reclamações Recebidas;Geral;Reclame Aqui
online;desempenho;Reclamações Respondidas;Geral;Reclame Aqui
online;desempenho;Aguardando Resposta;Geral;Reclame Aqui
online;desempenho;Reclamações Resolvidas;Geral;Reclame Aqui
online;desempenho;Voltariam a fazer negócio;Geral;Reclame Aqui
online;desempenho;Reclamações Avaliadas;Geral;Reclame Aqui
online;desempenho;Nota média do consumidor;Geral;Reclame Aqui
online;desempenho;Tempo médio de Resposta;Geral;Reclame Aqui
online;desempenho;Período  considerado;Geral;Reclame Aqui
online;problemas;Atraso na entrega;(sem período — lista simples);Reclame Aqui
online;problemas;Produto não recebido;(sem período — lista simples);Reclame Aqui
online;problemas;Estorno do valor pago;(sem período — lista simples);Reclame Aqui
online;problemas;Produto com defeito;(sem período — lista simples);Reclame Aqui
online;problemas;Outro problema;(sem período — lista simples);Reclame Aqui
online;problemas;Troca-devolução de produto;(sem período — lista simples);Reclame Aqui
online;problemas;Propaganda enganosa;(sem período — lista simples);Reclame Aqui
online;problemas;Produto errado;(sem período — lista simples);Reclame Aqui
online;problemas;Problemas na finalização da compra;(sem período — lista simples);Reclame Aqui
online;problemas;Mau atendimento do SAC;(sem período — lista simples);Reclame Aqui
online;produtos;Outro Tipo de Produto/Serviço;(sem período — lista simples);Reclame Aqui
online;produtos;Móveis;(sem período — lista simples);Reclame Aqui
online;produtos;Smartphone;(sem período — lista simples);Reclame Aqui
online;produtos;Celular;(sem período — lista simples);Reclame Aqui
online;produtos;TV;(sem período — lista simples);Reclame Aqui
online;produtos;Entrega;(sem período — lista simples);Reclame Aqui
online;produtos;Geladeira-Refrigeradores;(sem período — lista simples);Reclame Aqui
online;produtos;Fogão/Forno;(sem período — lista simples);Reclame Aqui
online;produtos;Lavadora de Roupas e Tanquinho;(sem período — lista simples);Reclame Aqui
online;produtos;Notebooks;(sem período — lista simples);Reclame Aqui
